{
    "spawner":{
        "interval":4000,
        "speed":100,
        "lifeSpan":13300
    },
    "player":{
        "x":180,
        "y":538
    
    },
    "goal":{
        "x":30,
        "y":65
    },
    "platforms":[
        {
            "x":72,
            "y":450,
            "numTiles":6,
            "key":"block"
        },
        {
            "x":0,
            "y":330,
            "numTiles":8,
            "key":"block"
        },
        {
            "x":72,
            "y":210,
            "numTiles":8,
            "key":"block"
        },
        {
            "x":0,
            "y":90,
            "numTiles":8,
            "key":"block"
        },
        {
            "x":0,
            "y":560,
            "numTiles":1,
            "key":"ground"
        }
    ],
    "fires":[
        {
            "x":151,
            "y":190
        },
        {
            "x":199,
            "y":310
        },
        {
            "x":150,
            "y":430
        },
        {
            "x":100,
            "y":540
        },
        {
            "x":240,
            "y":540
        }
    ]
}